date,service,compartment,usage_amount,cost
2026-07-01,Compute,prod,12.49,14.52
2026-07-01,Block Storage,prod,4.13,4.98
2026-07-01,Object Storage,dev,2.21,2.33
2026-07-01,Autonomous Database,prod,10.77,10.73
2026-07-01,Load Balancer,prod,3.14,3.22
2026-07-02,Compute,prod,11.99,14.34
2026-07-02,Block Storage,prod,5.36,4.74
2026-07-02,Object Storage,dev,1.94,2.19
2026-07-02,Autonomous Database,prod,12.9,10.94
2026-07-02,Load Balancer,prod,3.18,3.32
2026-07-03,Compute,prod,12.27,14.98
2026-07-03,Block Storage,prod,4.77,5.21
2026-07-03,Object Storage,dev,1.86,2.19
2026-07-03,Autonomous Database,prod,12.19,10.82
2026-07-03,Load Balancer,prod,3.35,3.25
2026-07-04,Compute,prod,13.99,14.74
2026-07-04,Block Storage,prod,4.02,4.87
2026-07-04,Object Storage,dev,1.91,2.16
2026-07-04,Autonomous Database,prod,10.64,10.96
2026-07-04,Load Balancer,prod,3.38,3.27
2026-07-05,Compute,prod,13.44,14.61
2026-07-05,Block Storage,prod,5.55,5.14
2026-07-05,Object Storage,dev,2.3,2.23
2026-07-05,Autonomous Database,prod,12.54,10.9
2026-07-05,Load Balancer,prod,3.06,3.34
2026-07-06,Compute,prod,12.7,14.99
2026-07-06,Block Storage,prod,5.22,4.73
2026-07-06,Object Storage,dev,2.19,2.2
2026-07-06,Autonomous Database,prod,11.45,10.73
2026-07-06,Load Balancer,prod,3.45,3.35
2026-07-07,Compute,prod,13.8,14.91
2026-07-07,Block Storage,prod,5.22,5.03
2026-07-07,Object Storage,dev,2.31,2.35
2026-07-07,Autonomous Database,prod,12.97,11.01
2026-07-07,Load Balancer,prod,3.52,3.3
2026-07-08,Compute,prod,15.48,14.33
2026-07-08,Block Storage,prod,5.96,4.98
2026-07-08,Object Storage,dev,2.23,2.44
2026-07-08,Autonomous Database,prod,11.58,10.85
2026-07-08,Load Balancer,prod,3.17,3.22
2026-07-09,Compute,prod,12.2,14.41
2026-07-09,Block Storage,prod,4.82,4.35
2026-07-09,Object Storage,dev,1.97,2.19
2026-07-09,Autonomous Database,prod,12.47,10.85
2026-07-09,Load Balancer,prod,3.16,3.23
2026-07-10,Compute,prod,16.93,14.68
2026-07-10,Block Storage,prod,5.92,5.16
2026-07-10,Object Storage,dev,2.17,2.24
2026-07-10,Autonomous Database,prod,12.51,10.84
2026-07-10,Load Balancer,prod,2.91,3.39
2026-07-11,Compute,prod,12.87,14.41
2026-07-11,Block Storage,prod,4.51,4.54
2026-07-11,Object Storage,dev,2.13,2.35
2026-07-11,Autonomous Database,prod,10.37,10.72
2026-07-11,Load Balancer,prod,3.37,3.28
2026-07-12,Compute,prod,16.11,14.97
2026-07-12,Block Storage,prod,5.07,4.84
2026-07-12,Object Storage,dev,1.96,2.38
2026-07-12,Autonomous Database,prod,12.27,11.04
2026-07-12,Load Balancer,prod,3.77,3.37
2026-07-13,Compute,prod,13.98,14.57
2026-07-13,Block Storage,prod,4.63,4.4
2026-07-13,Object Storage,dev,1.79,2.17
2026-07-13,Autonomous Database,prod,9.33,10.79
2026-07-13,Load Balancer,prod,2.69,3.28
2026-07-14,Compute,prod,12.29,14.29
2026-07-14,Block Storage,prod,4.15,4.39
2026-07-14,Object Storage,dev,2.47,2.15
2026-07-14,Autonomous Database,prod,9.4,10.93
2026-07-14,Load Balancer,prod,3.06,3.26
2026-07-15,Compute,prod,12.35,14.55
2026-07-15,Block Storage,prod,6.22,5.2
2026-07-15,Object Storage,dev,2.29,2.31
2026-07-15,Autonomous Database,prod,9.04,10.74
2026-07-15,Load Balancer,prod,2.97,3.28
2026-07-16,Compute,prod,12.86,14.88
2026-07-16,Block Storage,prod,5.09,4.31
2026-07-16,Object Storage,dev,2.0,2.33
2026-07-16,Autonomous Database,prod,8.84,10.91
2026-07-16,Load Balancer,prod,3.94,3.31
2026-07-17,Compute,prod,16.07,14.9
2026-07-17,Block Storage,prod,4.32,4.57
2026-07-17,Object Storage,dev,2.44,2.2
2026-07-17,Autonomous Database,prod,12.12,10.9
2026-07-17,Load Balancer,prod,2.91,3.27
2026-07-18,Compute,prod,17.75,14.87
2026-07-18,Block Storage,prod,5.84,5.2
2026-07-18,Object Storage,dev,2.67,2.44
2026-07-18,Autonomous Database,prod,10.87,10.8
2026-07-18,Load Balancer,prod,2.66,3.28
2026-07-19,Compute,prod,13.04,14.31
2026-07-19,Block Storage,prod,4.91,4.56
2026-07-19,Object Storage,dev,2.43,2.48
2026-07-19,Autonomous Database,prod,13.21,11.05
2026-07-19,Load Balancer,prod,3.2,3.38
2026-07-20,Compute,prod,12.87,14.44
2026-07-20,Block Storage,prod,3.96,4.5
2026-07-20,Object Storage,dev,2.74,2.37
2026-07-20,Autonomous Database,prod,10.92,11.01
2026-07-20,Load Balancer,prod,3.73,3.33
2026-07-21,Compute,prod,15.27,14.35
2026-07-21,Block Storage,prod,5.85,5.26
2026-07-21,Object Storage,dev,2.39,2.41
2026-07-21,Autonomous Database,prod,12.02,10.78
2026-07-21,Load Balancer,prod,3.67,3.27
2026-07-22,Compute,prod,14.36,14.98
2026-07-22,Block Storage,prod,5.56,4.72
2026-07-22,Object Storage,dev,2.08,2.4
2026-07-22,Autonomous Database,prod,9.26,10.76
2026-07-22,Load Balancer,prod,3.79,3.38
2026-07-23,Compute,prod,16.27,14.39
2026-07-23,Block Storage,prod,5.67,5.34
2026-07-23,Object Storage,dev,2.31,2.27
2026-07-23,Autonomous Database,prod,8.67,10.76
2026-07-23,Load Balancer,prod,3.59,3.39
2026-07-24,Compute,prod,17.2,14.66
2026-07-24,Block Storage,prod,5.46,4.75
2026-07-24,Object Storage,dev,2.16,2.44
2026-07-24,Autonomous Database,prod,9.91,10.8
2026-07-24,Load Balancer,prod,3.37,3.26
2026-07-25,Compute,prod,14.0,14.47
2026-07-25,Block Storage,prod,5.15,4.43
2026-07-25,Object Storage,dev,2.23,2.27
2026-07-25,Autonomous Database,prod,12.69,10.92
2026-07-25,Load Balancer,prod,3.84,3.29
2026-07-26,Compute,prod,14.83,14.64
2026-07-26,Block Storage,prod,3.91,4.85
2026-07-26,Object Storage,dev,2.01,2.3
2026-07-26,Autonomous Database,prod,12.0,10.72
2026-07-26,Load Balancer,prod,3.21,3.25
2026-07-27,Compute,prod,15.14,14.8
2026-07-27,Block Storage,prod,4.67,4.63
2026-07-27,Object Storage,dev,2.61,2.34
2026-07-27,Autonomous Database,prod,11.01,10.75
2026-07-27,Load Balancer,prod,2.97,3.26
2026-07-28,Compute,prod,14.88,14.84
2026-07-28,Block Storage,prod,5.4,4.89
2026-07-28,Object Storage,dev,2.41,2.47
2026-07-28,Autonomous Database,prod,10.96,10.93
2026-07-28,Load Balancer,prod,3.56,3.31
2026-08-01,Compute,prod,14.8,14.61
2026-08-01,Block Storage,prod,5.65,4.8
2026-08-01,Object Storage,dev,7.16,6.22
2026-08-01,Autonomous Database,prod,9.99,11.05
2026-08-01,Load Balancer,prod,3.9,3.31
2026-08-02,Compute,prod,12.73,14.89
2026-08-02,Block Storage,prod,4.31,4.42
2026-08-02,Object Storage,dev,5.05,5.64
2026-08-02,Autonomous Database,prod,11.47,10.74
2026-08-02,Load Balancer,prod,3.89,3.35
2026-08-03,Compute,prod,15.64,14.4
2026-08-03,Block Storage,prod,4.28,4.99
2026-08-03,Object Storage,dev,7.59,6.39
2026-08-03,Autonomous Database,prod,12.75,10.79
2026-08-03,Load Balancer,prod,3.27,3.29
2026-08-04,Compute,prod,16.99,14.99
2026-08-04,Block Storage,prod,4.34,4.46
2026-08-04,Object Storage,dev,5.66,6.05
2026-08-04,Autonomous Database,prod,10.0,10.78
2026-08-04,Load Balancer,prod,2.7,3.34
2026-08-05,Compute,prod,14.33,14.68
2026-08-05,Block Storage,prod,4.01,4.31
2026-08-05,Object Storage,dev,6.18,6.15
2026-08-05,Autonomous Database,prod,12.82,10.74
2026-08-05,Load Balancer,prod,3.99,3.36
2026-08-06,Compute,prod,13.01,14.36
2026-08-06,Block Storage,prod,4.81,4.33
2026-08-06,Object Storage,dev,4.96,5.82
2026-08-06,Autonomous Database,prod,12.65,10.87
2026-08-06,Load Balancer,prod,3.04,3.36
2026-08-07,Compute,prod,16.81,14.39
2026-08-07,Block Storage,prod,5.29,4.9
2026-08-07,Object Storage,dev,4.65,5.65
2026-08-07,Autonomous Database,prod,10.63,10.96
2026-08-07,Load Balancer,prod,3.79,3.23
2026-08-08,Compute,prod,16.52,14.74
2026-08-08,Block Storage,prod,5.0,4.38
2026-08-08,Object Storage,dev,6.45,5.63
2026-08-08,Autonomous Database,prod,10.18,10.88
2026-08-08,Load Balancer,prod,3.88,3.31
2026-08-09,Compute,prod,12.33,14.48
2026-08-09,Block Storage,prod,4.34,4.85
2026-08-09,Object Storage,dev,4.9,5.67
2026-08-09,Autonomous Database,prod,9.45,10.73
2026-08-09,Load Balancer,prod,3.01,3.27
2026-08-10,Compute,prod,13.58,14.83
2026-08-10,Block Storage,prod,4.2,4.82
2026-08-10,Object Storage,dev,4.76,5.89
2026-08-10,Autonomous Database,prod,8.71,10.8
2026-08-10,Load Balancer,prod,3.41,3.35
2026-08-11,Compute,prod,14.28,14.42
2026-08-11,Block Storage,prod,4.45,5.29
2026-08-11,Object Storage,dev,6.16,6.33
2026-08-11,Autonomous Database,prod,12.35,10.89
2026-08-11,Load Balancer,prod,3.29,3.28
2026-08-12,Compute,prod,17.63,14.78
2026-08-12,Block Storage,prod,5.27,4.65
2026-08-12,Object Storage,dev,6.57,6.23
2026-08-12,Autonomous Database,prod,10.2,10.86
2026-08-12,Load Balancer,prod,2.75,3.22
2026-08-13,Compute,prod,15.72,14.34
2026-08-13,Block Storage,prod,3.95,4.56
2026-08-13,Object Storage,dev,6.42,5.65
2026-08-13,Autonomous Database,prod,11.78,11.03
2026-08-13,Load Balancer,prod,2.93,3.26
2026-08-14,Compute,prod,14.26,14.5
2026-08-14,Block Storage,prod,4.36,4.45
2026-08-14,Object Storage,dev,6.89,5.82
2026-08-14,Autonomous Database,prod,11.27,11.06
2026-08-14,Load Balancer,prod,3.86,3.26
2026-08-15,Compute,prod,13.67,14.51
2026-08-15,Block Storage,prod,4.08,4.29
2026-08-15,Object Storage,dev,6.02,6.01
2026-08-15,Autonomous Database,prod,10.81,10.79
2026-08-15,Load Balancer,prod,2.91,3.22
2026-08-16,Compute,prod,13.77,14.35
2026-08-16,Block Storage,prod,3.5,4.33
2026-08-16,Object Storage,dev,5.23,5.85
2026-08-16,Autonomous Database,prod,11.05,10.92
2026-08-16,Load Balancer,prod,3.56,3.35
2026-08-17,Compute,prod,17.04,14.8
2026-08-17,Block Storage,prod,4.38,4.7
2026-08-17,Object Storage,dev,5.58,6.49
2026-08-17,Autonomous Database,prod,11.6,10.97
2026-08-17,Load Balancer,prod,3.65,3.22
2026-08-18,Compute,prod,15.68,14.92
2026-08-18,Block Storage,prod,5.71,5.07
2026-08-18,Object Storage,dev,5.75,5.7
2026-08-18,Autonomous Database,prod,12.35,10.89
2026-08-18,Load Balancer,prod,3.8,3.36
2026-08-19,Compute,prod,17.01,14.7
2026-08-19,Block Storage,prod,5.41,5.02
2026-08-19,Object Storage,dev,4.7,5.78
2026-08-19,Autonomous Database,prod,10.16,10.76
2026-08-19,Load Balancer,prod,3.67,3.23
2026-08-20,Compute,prod,15.44,14.68
2026-08-20,Block Storage,prod,5.31,4.96
2026-08-20,Object Storage,dev,4.83,6.03
2026-08-20,Autonomous Database,prod,12.09,11.0
2026-08-20,Load Balancer,prod,3.35,3.3
2026-08-21,Compute,prod,12.2,14.76
2026-08-21,Block Storage,prod,4.57,5.08
2026-08-21,Object Storage,dev,5.11,5.64
2026-08-21,Autonomous Database,prod,9.68,10.97
2026-08-21,Load Balancer,prod,3.98,3.35
2026-08-22,Compute,prod,13.95,14.64
2026-08-22,Block Storage,prod,5.15,4.8
2026-08-22,Object Storage,dev,6.58,6.28
2026-08-22,Autonomous Database,prod,9.09,10.94
2026-08-22,Load Balancer,prod,2.92,3.24
2026-08-23,Compute,prod,13.66,14.82
2026-08-23,Block Storage,prod,3.94,4.89
2026-08-23,Object Storage,dev,5.11,5.63
2026-08-23,Autonomous Database,prod,11.8,10.95
2026-08-23,Load Balancer,prod,3.06,3.33
2026-08-24,Compute,prod,14.45,14.65
2026-08-24,Block Storage,prod,4.06,4.79
2026-08-24,Object Storage,dev,5.63,6.4
2026-08-24,Autonomous Database,prod,12.99,11.06
2026-08-24,Load Balancer,prod,3.16,3.22
2026-08-25,Compute,prod,17.66,14.87
2026-08-25,Block Storage,prod,4.33,4.77
2026-08-25,Object Storage,dev,6.79,5.77
2026-08-25,Autonomous Database,prod,11.14,10.79
2026-08-25,Load Balancer,prod,3.27,3.24
2026-08-26,Compute,prod,12.77,14.97
2026-08-26,Block Storage,prod,5.18,5.16
2026-08-26,Object Storage,dev,6.92,6.39
2026-08-26,Autonomous Database,prod,12.51,10.8
2026-08-26,Load Balancer,prod,2.67,3.3
2026-08-27,Compute,prod,14.24,14.29
2026-08-27,Block Storage,prod,4.39,4.77
2026-08-27,Object Storage,dev,5.35,5.7
2026-08-27,Autonomous Database,prod,12.3,10.83
2026-08-27,Load Balancer,prod,3.54,3.21
2026-08-28,Compute,prod,12.62,14.89
2026-08-28,Block Storage,prod,5.73,5.28
2026-08-28,Object Storage,dev,5.87,6.41
2026-08-28,Autonomous Database,prod,10.38,10.85
2026-08-28,Load Balancer,prod,3.51,3.39
